"id_cliente","dias_ultima_sesion","pedidos_12m","ticket_promedio","pct_restaurantes","estado_t1","estado_t2"
"C-0001",40,22,44.52,0.65,"Medio Gasto","Medio Gasto"
"C-0002",60,26,45.34,0.62,"Medio Gasto","Alto Gasto"
"C-0003",1,46,97.58,0.41,"Alto Gasto","Bajo Gasto"
"C-0004",179,1,0,0.27,"Inactivo","Inactivo"
"C-0005",16,9,18.04,0.17,"Bajo Gasto","Bajo Gasto"
"C-0006",97,2,0,0.5,"Inactivo","Inactivo"
"C-0007",50,5,8.56,0.01,"Bajo Gasto","Medio Gasto"
"C-0008",44,14,41.64,0.25,"Medio Gasto","Bajo Gasto"
"C-0009",58,10,5.53,0.44,"Bajo Gasto","Medio Gasto"
"C-0010",44,11,5.54,0.17,"Bajo Gasto","Bajo Gasto"
"C-0011",51,29,26.82,0.6,"Medio Gasto","Bajo Gasto"
"C-0012",18,29,25.5,0.72,"Medio Gasto","Medio Gasto"
"C-0013",49,11,44.03,0.4,"Medio Gasto","Alto Gasto"
"C-0014",26,11,23.01,0.13,"Medio Gasto","Medio Gasto"
"C-0015",5,46,111.94,0.69,"Alto Gasto","Alto Gasto"
"C-0016",35,14,35.11,0.01,"Medio Gasto","Medio Gasto"
"C-0017",26,19,46.67,0.6,"Medio Gasto","Medio Gasto"
"C-0018",125,2,0,0.07,"Inactivo","Medio Gasto"
"C-0019",132,0,0,0.19,"Inactivo","Inactivo"
"C-0020",25,10,40.32,0.2,"Medio Gasto","Medio Gasto"
"C-0021",58,11,33.55,0.01,"Medio Gasto","Medio Gasto"
"C-0022",7,52,100.78,0.64,"Alto Gasto","Alto Gasto"
"C-0023",15,37,85.94,0.54,"Alto Gasto","Alto Gasto"
"C-0024",14,23,40.04,0.49,"Medio Gasto","Medio Gasto"
"C-0025",67,7,12.13,0.21,"Bajo Gasto","Bajo Gasto"
"C-0026",138,1,0,0.25,"Inactivo","Inactivo"
"C-0027",27,7,15.35,0.09,"Bajo Gasto","Bajo Gasto"
"C-0028",38,11,36.12,0.35,"Medio Gasto","Medio Gasto"
"C-0029",118,2,0,0.26,"Inactivo","Inactivo"
"C-0030",46,11,25.47,0.29,"Medio Gasto","Medio Gasto"
"C-0031",39,16,38.83,0.48,"Medio Gasto","Bajo Gasto"
"C-0032",26,3,12.8,0.18,"Bajo Gasto","Medio Gasto"
"C-0033",30,32,106.54,0.52,"Alto Gasto","Bajo Gasto"
"C-0034",21,18,27.96,0.43,"Medio Gasto","Inactivo"
"C-0035",5,59,95.12,0.67,"Alto Gasto","Alto Gasto"
"C-0036",41,6,13.43,0.17,"Bajo Gasto","Bajo Gasto"
"C-0037",15,44,78.74,0.5,"Alto Gasto","Alto Gasto"
"C-0038",16,29,38.5,0.52,"Medio Gasto","Medio Gasto"
"C-0039",60,21,47.23,0.57,"Medio Gasto","Bajo Gasto"
"C-0040",54,10,48.87,0.29,"Medio Gasto","Medio Gasto"
"C-0041",31,23,41.27,0.5,"Medio Gasto","Medio Gasto"
"C-0042",37,17,30.73,0.57,"Medio Gasto","Bajo Gasto"
"C-0043",27,29,20.16,0.58,"Medio Gasto","Medio Gasto"
"C-0044",98,1,0,0.23,"Inactivo","Inactivo"
"C-0045",19,50,75.02,0.57,"Alto Gasto","Alto Gasto"
"C-0046",5,26,51.59,0.8,"Alto Gasto","Alto Gasto"
"C-0047",25,29,101.23,0.48,"Alto Gasto","Medio Gasto"
"C-0048",1,33,95.71,0.8,"Alto Gasto","Inactivo"
"C-0049",39,28,49.59,0.49,"Medio Gasto","Medio Gasto"
"C-0050",49,20,20.95,0.7,"Medio Gasto","Medio Gasto"
"C-0051",28,24,36.45,0.83,"Medio Gasto","Medio Gasto"
"C-0052",10,20,36.75,0.52,"Medio Gasto","Medio Gasto"
"C-0053",91,2,0,0.1,"Inactivo","Bajo Gasto"
"C-0054",60,17,28.41,0.82,"Medio Gasto","Medio Gasto"
"C-0055",24,58,101.42,0.65,"Alto Gasto","Alto Gasto"
"C-0056",17,11,5.75,0.2,"Bajo Gasto","Inactivo"
"C-0057",10,34,65.45,0.37,"Alto Gasto","Medio Gasto"
"C-0058",68,4,16.39,0.09,"Bajo Gasto","Bajo Gasto"
"C-0059",56,14,33.34,0.26,"Medio Gasto","Medio Gasto"
"C-0060",50,4,14.38,0.19,"Bajo Gasto","Bajo Gasto"
"C-0061",13,48,64.38,0.58,"Alto Gasto","Alto Gasto"
"C-0062",10,57,107.38,0.39,"Alto Gasto","Bajo Gasto"
"C-0063",26,39,74.06,0.94,"Alto Gasto","Medio Gasto"
"C-0064",11,14,44.12,0.16,"Medio Gasto","Bajo Gasto"
"C-0065",58,23,36.81,0.61,"Medio Gasto","Medio Gasto"
"C-0066",39,4,13.97,0.08,"Bajo Gasto","Inactivo"
"C-0067",15,13,42.21,0.37,"Medio Gasto","Bajo Gasto"
"C-0068",86,12,7.19,0.15,"Bajo Gasto","Bajo Gasto"
"C-0069",78,11,17.78,0.35,"Bajo Gasto","Inactivo"
"C-0070",50,21,49.57,0.68,"Medio Gasto","Bajo Gasto"
"C-0071",50,4,19.35,0.06,"Bajo Gasto","Medio Gasto"
"C-0072",9,24,79.17,0.56,"Alto Gasto","Alto Gasto"
"C-0073",20,17,23.46,0.42,"Medio Gasto","Medio Gasto"
"C-0074",11,52,70.33,0.6,"Alto Gasto","Medio Gasto"
"C-0075",26,33,118.45,0.65,"Alto Gasto","Alto Gasto"
"C-0076",27,23,30.15,0.82,"Medio Gasto","Alto Gasto"
"C-0077",14,11,34.37,0.38,"Medio Gasto","Medio Gasto"
"C-0078",71,3,6.47,0.38,"Bajo Gasto","Inactivo"
"C-0079",18,24,28.81,0.59,"Medio Gasto","Bajo Gasto"
"C-0080",39,14,45.05,0.19,"Medio Gasto","Medio Gasto"
"C-0081",56,16,38.69,0.51,"Medio Gasto","Bajo Gasto"
"C-0082",3,28,112.54,0.53,"Alto Gasto","Alto Gasto"
"C-0083",32,10,10.09,0.27,"Bajo Gasto","Bajo Gasto"
"C-0084",7,43,102.15,0.51,"Alto Gasto","Alto Gasto"
"C-0085",21,21,22.94,0.63,"Medio Gasto","Alto Gasto"
"C-0086",23,13,49.69,0.22,"Medio Gasto","Medio Gasto"
"C-0087",14,29,114.03,0.77,"Alto Gasto","Medio Gasto"
"C-0088",17,30,37.37,0.44,"Medio Gasto","Medio Gasto"
"C-0089",84,10,14.41,0.39,"Bajo Gasto","Bajo Gasto"
"C-0090",49,10,36.58,0.19,"Medio Gasto","Inactivo"
"C-0091",117,0,0,0.36,"Inactivo","Medio Gasto"
"C-0092",28,33,72.32,0.59,"Alto Gasto","Alto Gasto"
"C-0093",101,2,0,0.22,"Inactivo","Inactivo"
"C-0094",123,1,0,0.27,"Inactivo","Inactivo"
"C-0095",14,40,72.39,0.43,"Alto Gasto","Alto Gasto"
"C-0096",39,19,46.78,0.67,"Medio Gasto","Medio Gasto"
"C-0097",27,14,27.06,0.22,"Medio Gasto","Medio Gasto"
"C-0098",15,4,18.4,0.31,"Bajo Gasto","Bajo Gasto"
"C-0099",62,10,12.21,0.04,"Bajo Gasto","Inactivo"
"C-0100",27,6,17.24,0.17,"Bajo Gasto","Inactivo"
"C-0101",11,55,102.49,0.42,"Alto Gasto","Medio Gasto"
"C-0102",19,46,116.02,0.49,"Alto Gasto","Medio Gasto"
"C-0103",2,38,92.57,0.55,"Alto Gasto","Alto Gasto"
"C-0104",38,10,24.14,0.27,"Medio Gasto","Bajo Gasto"
"C-0105",32,15,25.95,0.21,"Medio Gasto","Medio Gasto"
"C-0106",22,15,47.44,0.44,"Medio Gasto","Inactivo"
"C-0107",54,25,24.69,0.7,"Medio Gasto","Alto Gasto"
"C-0108",57,15,27.66,0.2,"Medio Gasto","Alto Gasto"
"C-0109",10,26,48.4,0.49,"Medio Gasto","Medio Gasto"
"C-0110",58,25,25.17,0.34,"Medio Gasto","Medio Gasto"
"C-0111",25,11,48.27,0.22,"Medio Gasto","Medio Gasto"
"C-0112",42,4,19.55,0.11,"Bajo Gasto","Alto Gasto"
"C-0113",32,22,33.74,0.65,"Medio Gasto","Bajo Gasto"
"C-0114",25,42,92.23,0.53,"Alto Gasto","Alto Gasto"
"C-0115",35,28,21.3,0.67,"Medio Gasto","Medio Gasto"
"C-0116",11,11,41.74,0.17,"Medio Gasto","Bajo Gasto"
"C-0117",76,12,9.14,0.32,"Bajo Gasto","Bajo Gasto"
"C-0118",4,40,105.66,0.74,"Alto Gasto","Alto Gasto"
"C-0119",37,11,46.37,0.09,"Medio Gasto","Medio Gasto"
"C-0120",33,15,24.45,0.08,"Medio Gasto","Bajo Gasto"
"C-0121",21,7,16.05,0.33,"Bajo Gasto","Inactivo"
"C-0122",66,9,7.65,0.23,"Bajo Gasto","Bajo Gasto"
"C-0123",32,9,17.05,0.33,"Bajo Gasto","Alto Gasto"
"C-0124",22,22,24.16,0.48,"Medio Gasto","Medio Gasto"
"C-0125",11,43,97.05,0.61,"Alto Gasto","Alto Gasto"
"C-0126",19,49,104.25,0.69,"Alto Gasto","Alto Gasto"
"C-0127",63,11,7.07,0.29,"Bajo Gasto","Inactivo"
"C-0128",17,46,67.99,0.46,"Alto Gasto","Inactivo"
"C-0129",39,12,14.41,0.03,"Bajo Gasto","Bajo Gasto"
"C-0130",75,12,5.71,0.08,"Bajo Gasto","Inactivo"
"C-0131",54,11,11.25,0.33,"Bajo Gasto","Bajo Gasto"
"C-0132",35,2,13.09,0.02,"Bajo Gasto","Bajo Gasto"
"C-0133",48,12,42.87,0.07,"Medio Gasto","Medio Gasto"
"C-0134",50,27,46.43,0.4,"Medio Gasto","Alto Gasto"
"C-0135",23,5,9.41,0.44,"Bajo Gasto","Medio Gasto"
"C-0136",26,50,85.6,0.73,"Alto Gasto","Alto Gasto"
"C-0137",15,32,113.12,0.64,"Alto Gasto","Alto Gasto"
"C-0138",24,35,97.38,0.59,"Alto Gasto","Medio Gasto"
"C-0139",119,0,0,0.54,"Inactivo","Inactivo"
"C-0140",23,27,22.29,0.66,"Medio Gasto","Medio Gasto"
"C-0141",69,7,17.04,0.4,"Bajo Gasto","Inactivo"
"C-0142",37,7,15.34,0.18,"Bajo Gasto","Medio Gasto"
"C-0143",31,5,11.9,0.04,"Bajo Gasto","Bajo Gasto"
"C-0144",36,7,6.25,0.28,"Bajo Gasto","Inactivo"
"C-0145",86,7,12.12,0.34,"Bajo Gasto","Medio Gasto"
"C-0146",8,26,71.05,0.51,"Alto Gasto","Medio Gasto"
"C-0147",28,25,39.09,0.74,"Medio Gasto","Alto Gasto"
"C-0148",39,9,18.77,0.09,"Bajo Gasto","Medio Gasto"
"C-0149",74,4,19.16,0.01,"Bajo Gasto","Inactivo"
"C-0150",26,46,99.07,0.69,"Alto Gasto","Inactivo"
"C-0151",84,3,6.8,0.22,"Bajo Gasto","Bajo Gasto"
"C-0152",1,57,116.15,0.61,"Alto Gasto","Medio Gasto"
"C-0153",5,52,101.1,0.53,"Alto Gasto","Inactivo"
"C-0154",101,1,0,0.36,"Inactivo","Bajo Gasto"
"C-0155",11,23,23.35,0.57,"Medio Gasto","Medio Gasto"
"C-0156",23,7,14.56,0.17,"Bajo Gasto","Bajo Gasto"
"C-0157",76,11,11.97,0.23,"Bajo Gasto","Bajo Gasto"
"C-0158",55,7,5.63,0.29,"Bajo Gasto","Bajo Gasto"
"C-0159",106,0,0,0.18,"Inactivo","Bajo Gasto"
"C-0160",97,0,0,0.29,"Inactivo","Medio Gasto"
"C-0161",101,0,0,0.02,"Inactivo","Bajo Gasto"
"C-0162",24,10,26.65,0.27,"Medio Gasto","Bajo Gasto"
"C-0163",102,0,0,0.4,"Inactivo","Inactivo"
"C-0164",89,12,15.63,0.26,"Bajo Gasto","Bajo Gasto"
"C-0165",20,17,34.3,0.34,"Medio Gasto","Medio Gasto"
"C-0166",34,18,47.11,0.44,"Medio Gasto","Medio Gasto"
"C-0167",23,13,27.55,0.26,"Medio Gasto","Medio Gasto"
"C-0168",18,34,50.42,0.57,"Alto Gasto","Alto Gasto"
"C-0169",26,16,29.9,0.58,"Medio Gasto","Inactivo"
"C-0170",62,8,7.89,0.42,"Bajo Gasto","Medio Gasto"
"C-0171",10,29,29.15,0.6,"Medio Gasto","Medio Gasto"
"C-0172",67,10,11.45,0.12,"Bajo Gasto","Medio Gasto"
"C-0173",24,5,10.56,0.33,"Bajo Gasto","Inactivo"
"C-0174",56,25,33.48,0.48,"Medio Gasto","Medio Gasto"
"C-0175",120,0,0,0.35,"Inactivo","Inactivo"
"C-0176",5,39,59.77,0.35,"Alto Gasto","Alto Gasto"
"C-0177",27,38,90.64,0.63,"Alto Gasto","Alto Gasto"
"C-0178",44,23,35.04,0.67,"Medio Gasto","Medio Gasto"
"C-0179",59,10,21.31,0.17,"Medio Gasto","Alto Gasto"
"C-0180",35,27,35.93,0.77,"Medio Gasto","Medio Gasto"
"C-0181",44,30,22.03,0.59,"Medio Gasto","Medio Gasto"
"C-0182",156,2,0,0.42,"Inactivo","Inactivo"
"C-0183",37,22,48.47,0.6,"Medio Gasto","Medio Gasto"
"C-0184",28,57,113.43,0.67,"Alto Gasto","Alto Gasto"
"C-0185",57,10,33.72,0.15,"Medio Gasto","Medio Gasto"
"C-0186",40,6,17.1,0.19,"Bajo Gasto","Bajo Gasto"
"C-0187",28,35,102.41,0.6,"Alto Gasto","Alto Gasto"
"C-0188",142,2,0,0.3,"Inactivo","Inactivo"
"C-0189",178,0,0,0.37,"Inactivo","Inactivo"
"C-0190",3,36,116.26,0.68,"Alto Gasto","Alto Gasto"
"C-0191",50,22,28.76,0.64,"Medio Gasto","Inactivo"
"C-0192",37,20,21.55,0.75,"Medio Gasto","Medio Gasto"
"C-0193",18,29,36.49,0.68,"Medio Gasto","Medio Gasto"
"C-0194",28,11,16.29,0.17,"Bajo Gasto","Medio Gasto"
"C-0195",16,29,36.7,0.63,"Medio Gasto","Medio Gasto"
"C-0196",17,29,42.71,0.54,"Medio Gasto","Medio Gasto"
"C-0197",46,10,6.58,0.24,"Bajo Gasto","Bajo Gasto"
"C-0198",36,18,48.16,0.54,"Medio Gasto","Medio Gasto"
"C-0199",43,13,31.18,0.1,"Medio Gasto","Medio Gasto"
"C-0200",35,18,26.76,0.68,"Medio Gasto","Medio Gasto"
"C-0201",32,19,20.53,0.59,"Medio Gasto","Alto Gasto"
"C-0202",83,11,12.39,0.38,"Bajo Gasto","Inactivo"
"C-0203",21,17,34.76,0.78,"Medio Gasto","Medio Gasto"
"C-0204",25,45,73.01,0.52,"Alto Gasto","Medio Gasto"
"C-0205",54,26,28.23,0.37,"Medio Gasto","Bajo Gasto"
"C-0206",39,12,27.8,0.02,"Medio Gasto","Medio Gasto"
"C-0207",14,26,101.49,0.74,"Alto Gasto","Alto Gasto"
"C-0208",38,23,37.62,0.5,"Medio Gasto","Bajo Gasto"
"C-0209",23,23,34.9,0.52,"Medio Gasto","Alto Gasto"
"C-0210",26,42,106.54,0.43,"Alto Gasto","Alto Gasto"
"C-0211",14,17,22.38,0.4,"Medio Gasto","Alto Gasto"
"C-0212",24,12,14.53,0.15,"Bajo Gasto","Bajo Gasto"
"C-0213",17,2,11.92,0.45,"Bajo Gasto","Bajo Gasto"
"C-0214",30,15,23.42,0.3,"Medio Gasto","Medio Gasto"
"C-0215",31,18,24.27,0.71,"Medio Gasto","Medio Gasto"
"C-0216",6,56,58.64,0.65,"Alto Gasto","Alto Gasto"
"C-0217",18,3,13,0.16,"Bajo Gasto","Inactivo"
"C-0218",45,13,45.35,0.28,"Medio Gasto","Medio Gasto"
"C-0219",7,33,87.88,0.83,"Alto Gasto","Alto Gasto"
"C-0220",51,28,41.02,0.67,"Medio Gasto","Medio Gasto"
"C-0221",51,28,21.05,0.58,"Medio Gasto","Inactivo"
"C-0222",57,10,5.55,0.24,"Bajo Gasto","Medio Gasto"
"C-0223",87,7,14.52,0.38,"Bajo Gasto","Bajo Gasto"
"C-0224",17,16,35.11,0.63,"Medio Gasto","Medio Gasto"
"C-0225",11,27,80.92,0.5,"Alto Gasto","Medio Gasto"
"C-0226",7,51,82.81,0.51,"Alto Gasto","Medio Gasto"
"C-0227",133,0,0,0.24,"Inactivo","Inactivo"
"C-0228",69,3,15.67,0.19,"Bajo Gasto","Medio Gasto"
"C-0229",22,11,34.47,0.09,"Medio Gasto","Medio Gasto"
"C-0230",18,9,11.03,0.31,"Bajo Gasto","Bajo Gasto"
"C-0231",45,17,21.31,0.66,"Medio Gasto","Bajo Gasto"
"C-0232",12,24,116.7,0.65,"Alto Gasto","Alto Gasto"
"C-0233",65,12,16.71,0.11,"Bajo Gasto","Bajo Gasto"
"C-0234",18,55,84.63,0.36,"Alto Gasto","Alto Gasto"
"C-0235",78,7,11.53,0.01,"Bajo Gasto","Bajo Gasto"
"C-0236",24,37,103.5,0.63,"Alto Gasto","Bajo Gasto"
"C-0237",18,30,99.91,0.65,"Alto Gasto","Alto Gasto"
"C-0238",48,15,25.58,0.1,"Medio Gasto","Alto Gasto"
"C-0239",51,19,29.49,0.49,"Medio Gasto","Medio Gasto"
"C-0240",95,2,0,0.46,"Inactivo","Alto Gasto"
"C-0241",43,15,23.18,0.35,"Medio Gasto","Bajo Gasto"
"C-0242",82,4,5.04,0.34,"Bajo Gasto","Bajo Gasto"
"C-0243",22,60,88.56,0.68,"Alto Gasto","Alto Gasto"
"C-0244",28,26,37.08,0.81,"Medio Gasto","Inactivo"
"C-0245",139,0,0,0.32,"Inactivo","Inactivo"
"C-0246",45,10,12.28,0.14,"Bajo Gasto","Inactivo"
"C-0247",12,25,38.3,0.54,"Medio Gasto","Medio Gasto"
"C-0248",89,10,9.25,0.47,"Bajo Gasto","Bajo Gasto"
"C-0249",42,23,39.67,0.51,"Medio Gasto","Inactivo"
"C-0250",50,2,8.63,0.3,"Bajo Gasto","Bajo Gasto"
"C-0251",47,7,9.62,0.11,"Bajo Gasto","Medio Gasto"
"C-0252",61,7,5.52,0.25,"Bajo Gasto","Medio Gasto"
"C-0253",2,36,89.1,0.51,"Alto Gasto","Bajo Gasto"
"C-0254",113,1,0,0.01,"Inactivo","Inactivo"
"C-0255",30,21,49.14,0.73,"Medio Gasto","Alto Gasto"
"C-0256",28,3,13.81,0.24,"Bajo Gasto","Bajo Gasto"
"C-0257",32,18,33.02,0.48,"Medio Gasto","Bajo Gasto"
"C-0258",14,10,26.65,0.12,"Medio Gasto","Medio Gasto"
"C-0259",22,22,39.3,0.57,"Medio Gasto","Bajo Gasto"
"C-0260",61,6,18.83,0.31,"Bajo Gasto","Bajo Gasto"
"C-0261",103,2,0,0.18,"Inactivo","Inactivo"
"C-0262",60,9,18.22,0.47,"Bajo Gasto","Bajo Gasto"
"C-0263",7,41,85.98,0.57,"Alto Gasto","Bajo Gasto"
"C-0264",149,1,0,0.3,"Inactivo","Inactivo"
"C-0265",119,0,0,0.31,"Inactivo","Inactivo"
"C-0266",28,44,72.49,0.76,"Alto Gasto","Alto Gasto"
"C-0267",58,20,20.79,0.59,"Medio Gasto","Alto Gasto"
"C-0268",57,23,35.23,0.72,"Medio Gasto","Alto Gasto"
"C-0269",19,15,40.97,0.3,"Medio Gasto","Medio Gasto"
"C-0270",131,1,0,0.2,"Inactivo","Inactivo"
"C-0271",4,49,90.29,0.48,"Alto Gasto","Alto Gasto"
"C-0272",9,28,57.79,0.7,"Alto Gasto","Alto Gasto"
"C-0273",65,12,8.1,0.2,"Bajo Gasto","Bajo Gasto"
"C-0274",18,6,11.6,0.2,"Bajo Gasto","Bajo Gasto"
"C-0275",60,14,26.13,0.26,"Medio Gasto","Medio Gasto"
"C-0276",35,28,37.11,0.7,"Medio Gasto","Medio Gasto"
"C-0277",26,11,10.84,0.3,"Bajo Gasto","Bajo Gasto"
"C-0278",47,9,16.4,0.31,"Bajo Gasto","Bajo Gasto"
"C-0279",26,2,16.87,0.03,"Bajo Gasto","Medio Gasto"
"C-0280",51,15,42.34,0.32,"Medio Gasto","Medio Gasto"
"C-0281",34,23,31.33,0.67,"Medio Gasto","Medio Gasto"
"C-0282",22,5,14.91,0.2,"Bajo Gasto","Bajo Gasto"
"C-0283",30,37,111.31,0.57,"Alto Gasto","Alto Gasto"
"C-0284",64,12,11.3,0.32,"Bajo Gasto","Inactivo"
"C-0285",21,52,57.43,0.49,"Alto Gasto","Medio Gasto"
"C-0286",13,45,61.95,0.8,"Alto Gasto","Medio Gasto"
"C-0287",32,8,15.76,0.22,"Bajo Gasto","Bajo Gasto"
"C-0288",15,2,15.97,0.03,"Bajo Gasto","Medio Gasto"
"C-0289",83,2,18.47,0.4,"Bajo Gasto","Bajo Gasto"
"C-0290",50,14,32.09,0.33,"Medio Gasto","Bajo Gasto"
"C-0291",55,11,15.19,0.18,"Bajo Gasto","Bajo Gasto"
"C-0292",32,24,27.62,0.55,"Medio Gasto","Bajo Gasto"
"C-0293",13,19,31.04,0.81,"Medio Gasto","Alto Gasto"
"C-0294",27,58,75.92,0.46,"Alto Gasto","Medio Gasto"
"C-0295",94,2,0,0.13,"Inactivo","Inactivo"
"C-0296",82,2,5.95,0.46,"Bajo Gasto","Medio Gasto"
"C-0297",21,19,45.85,0.49,"Medio Gasto","Medio Gasto"
"C-0298",12,19,32.55,0.5,"Medio Gasto","Alto Gasto"
"C-0299",27,15,33.99,0.11,"Medio Gasto","Medio Gasto"
"C-0300",69,7,16.81,0.18,"Bajo Gasto","Medio Gasto"
"C-0301",77,8,16.17,0.43,"Bajo Gasto","Bajo Gasto"
"C-0302",32,9,16.32,0.49,"Bajo Gasto","Inactivo"
"C-0303",49,12,47,0.48,"Medio Gasto","Medio Gasto"
"C-0304",36,3,14.49,0.01,"Bajo Gasto","Medio Gasto"
"C-0305",29,14,39.53,0.24,"Medio Gasto","Inactivo"
"C-0306",147,0,0,0.39,"Inactivo","Bajo Gasto"
"C-0307",174,0,0,0.33,"Inactivo","Inactivo"
"C-0308",29,16,47.99,0.47,"Medio Gasto","Medio Gasto"
"C-0309",59,23,40.32,0.67,"Medio Gasto","Medio Gasto"
"C-0310",14,11,28.13,0.33,"Medio Gasto","Alto Gasto"
"C-0311",168,2,0,0.33,"Inactivo","Inactivo"
"C-0312",58,14,32.76,0.26,"Medio Gasto","Bajo Gasto"
"C-0313",23,38,79.92,0.79,"Alto Gasto","Medio Gasto"
"C-0314",154,0,0,0.33,"Inactivo","Bajo Gasto"
"C-0315",23,21,45.16,0.55,"Medio Gasto","Inactivo"
"C-0316",23,27,109.37,0.74,"Alto Gasto","Alto Gasto"
"C-0317",137,2,0,0.01,"Inactivo","Inactivo"
"C-0318",28,13,37.5,0.39,"Medio Gasto","Medio Gasto"
"C-0319",21,22,47.63,0.62,"Medio Gasto","Alto Gasto"
"C-0320",7,51,62.18,0.61,"Alto Gasto","Medio Gasto"
"C-0321",179,2,0,0.31,"Inactivo","Inactivo"
"C-0322",52,15,30.05,0.14,"Medio Gasto","Alto Gasto"
"C-0323",42,23,32.43,0.64,"Medio Gasto","Alto Gasto"
"C-0324",17,6,11.1,0.39,"Bajo Gasto","Alto Gasto"
"C-0325",21,12,31.99,0.01,"Medio Gasto","Medio Gasto"
"C-0326",13,24,75.82,0.6,"Alto Gasto","Medio Gasto"
"C-0327",81,6,7.6,0.47,"Bajo Gasto","Bajo Gasto"
"C-0328",57,28,43.76,0.43,"Medio Gasto","Medio Gasto"
"C-0329",4,32,116.52,0.6,"Alto Gasto","Alto Gasto"
"C-0330",134,2,0,0.39,"Inactivo","Inactivo"
"C-0331",127,2,0,0.21,"Inactivo","Inactivo"
"C-0332",6,42,56.21,0.68,"Alto Gasto","Alto Gasto"
"C-0333",54,23,24.83,0.8,"Medio Gasto","Alto Gasto"
"C-0334",24,28,41.37,0.41,"Medio Gasto","Medio Gasto"
"C-0335",28,10,48.46,0.08,"Medio Gasto","Medio Gasto"
"C-0336",64,12,15.78,0.31,"Bajo Gasto","Bajo Gasto"
"C-0337",48,3,17.5,0.23,"Bajo Gasto","Inactivo"
"C-0338",49,24,34.97,0.57,"Medio Gasto","Medio Gasto"
"C-0339",19,26,26.23,0.48,"Medio Gasto","Medio Gasto"
"C-0340",2,43,50.9,0.58,"Alto Gasto","Medio Gasto"
"C-0341",157,0,0,0.15,"Inactivo","Inactivo"
"C-0342",7,54,78.91,0.67,"Alto Gasto","Alto Gasto"
"C-0343",44,29,23.42,0.74,"Medio Gasto","Medio Gasto"
"C-0344",6,32,84.06,0.84,"Alto Gasto","Alto Gasto"
"C-0345",83,8,7.18,0.4,"Bajo Gasto","Medio Gasto"
"C-0346",33,2,15.85,0.24,"Bajo Gasto","Bajo Gasto"
"C-0347",29,10,48.49,0.31,"Medio Gasto","Bajo Gasto"
"C-0348",22,8,14.16,0.27,"Bajo Gasto","Medio Gasto"
"C-0349",28,50,80.56,0.48,"Alto Gasto","Alto Gasto"
"C-0350",5,59,117.59,0.61,"Alto Gasto","Alto Gasto"
"C-0351",99,1,0,0.3,"Inactivo","Inactivo"
"C-0352",22,37,88.67,0.63,"Alto Gasto","Bajo Gasto"
"C-0353",105,0,0,0.21,"Inactivo","Medio Gasto"
"C-0354",4,47,58.31,0.53,"Alto Gasto","Alto Gasto"
"C-0355",80,7,6.16,0.14,"Bajo Gasto","Inactivo"
"C-0356",40,16,49.42,0.88,"Medio Gasto","Medio Gasto"
"C-0357",49,22,22.85,0.59,"Medio Gasto","Bajo Gasto"
"C-0358",50,28,32.22,0.71,"Medio Gasto","Inactivo"
"C-0359",172,2,0,0.36,"Inactivo","Inactivo"
"C-0360",42,28,42.05,0.44,"Medio Gasto","Medio Gasto"
"C-0361",37,9,15.89,0.33,"Bajo Gasto","Inactivo"
"C-0362",52,25,45.68,0.54,"Medio Gasto","Alto Gasto"
"C-0363",14,11,34.91,0.29,"Medio Gasto","Medio Gasto"
"C-0364",64,5,5.23,0.05,"Bajo Gasto","Bajo Gasto"
"C-0365",46,3,14.58,0.15,"Bajo Gasto","Medio Gasto"
"C-0366",26,51,54.22,0.38,"Alto Gasto","Alto Gasto"
"C-0367",46,9,11.49,0.36,"Bajo Gasto","Medio Gasto"
"C-0368",111,2,0,0.24,"Inactivo","Inactivo"
"C-0369",30,7,8.92,0.13,"Bajo Gasto","Medio Gasto"
"C-0370",69,3,13.48,0.14,"Bajo Gasto","Bajo Gasto"
"C-0371",6,50,114.56,0.52,"Alto Gasto","Alto Gasto"
"C-0372",26,12,37.09,0.3,"Medio Gasto","Alto Gasto"
"C-0373",22,14,34.99,0.33,"Medio Gasto","Medio Gasto"
"C-0374",20,21,48.92,0.6,"Medio Gasto","Bajo Gasto"
"C-0375",55,28,43.36,0.47,"Medio Gasto","Medio Gasto"
"C-0376",39,27,23.53,0.58,"Medio Gasto","Medio Gasto"
"C-0377",13,26,37.53,0.68,"Medio Gasto","Bajo Gasto"
"C-0378",29,23,40.7,0.71,"Medio Gasto","Medio Gasto"
"C-0379",28,19,45.88,0.69,"Medio Gasto","Medio Gasto"
"C-0380",34,22,38.68,0.6,"Medio Gasto","Bajo Gasto"
"C-0381",32,28,42.28,0.59,"Medio Gasto","Bajo Gasto"
"C-0382",79,10,7.24,0.38,"Bajo Gasto","Bajo Gasto"
"C-0383",28,13,29.01,0.2,"Medio Gasto","Inactivo"
"C-0384",63,11,9.94,0.42,"Bajo Gasto","Medio Gasto"
"C-0385",22,42,103.14,0.75,"Alto Gasto","Medio Gasto"
"C-0386",38,14,22.69,0.41,"Medio Gasto","Bajo Gasto"
"C-0387",26,22,24.48,0.75,"Medio Gasto","Medio Gasto"
"C-0388",12,25,57.55,0.64,"Alto Gasto","Alto Gasto"
"C-0389",162,1,0,0.13,"Inactivo","Inactivo"
"C-0390",14,30,40.53,0.63,"Medio Gasto","Medio Gasto"
"C-0391",30,51,118.24,0.59,"Alto Gasto","Alto Gasto"
"C-0392",7,38,101.73,0.67,"Alto Gasto","Alto Gasto"
"C-0393",47,11,35.59,0.07,"Medio Gasto","Alto Gasto"
"C-0394",24,11,7.04,0.34,"Bajo Gasto","Bajo Gasto"
"C-0395",56,29,48.19,0.49,"Medio Gasto","Alto Gasto"
"C-0396",13,27,32.05,0.54,"Medio Gasto","Medio Gasto"
"C-0397",38,23,36.06,0.67,"Medio Gasto","Medio Gasto"
"C-0398",59,24,24.85,0.59,"Medio Gasto","Medio Gasto"
"C-0399",111,2,0,0.17,"Inactivo","Inactivo"
"C-0400",45,17,30.2,0.67,"Medio Gasto","Medio Gasto"
"C-0401",21,45,102.88,0.61,"Alto Gasto","Alto Gasto"
"C-0402",26,15,23.28,0.27,"Medio Gasto","Medio Gasto"
"C-0403",27,46,108.87,0.59,"Alto Gasto","Bajo Gasto"
"C-0404",3,47,114.99,0.67,"Alto Gasto","Alto Gasto"
"C-0405",12,59,80,0.55,"Alto Gasto","Alto Gasto"
"C-0406",44,10,19.87,0.01,"Bajo Gasto","Bajo Gasto"
"C-0407",37,28,23.49,0.76,"Medio Gasto","Medio Gasto"
"C-0408",32,7,18.77,0.17,"Bajo Gasto","Bajo Gasto"
"C-0409",17,46,72.78,0.58,"Alto Gasto","Alto Gasto"
"C-0410",49,12,19.74,0.2,"Bajo Gasto","Bajo Gasto"
"C-0411",17,15,30.67,0.31,"Medio Gasto","Medio Gasto"
"C-0412",5,35,104.9,0.5,"Alto Gasto","Alto Gasto"
"C-0413",122,1,0,0.01,"Inactivo","Inactivo"
"C-0414",22,30,31.02,0.7,"Medio Gasto","Medio Gasto"
"C-0415",84,6,14.01,0.01,"Bajo Gasto","Bajo Gasto"
"C-0416",101,1,0,0.23,"Inactivo","Inactivo"
"C-0417",43,10,26.63,0.15,"Medio Gasto","Medio Gasto"
"C-0418",107,0,0,0.28,"Inactivo","Alto Gasto"
"C-0419",35,2,7.07,0.13,"Bajo Gasto","Bajo Gasto"
"C-0420",58,22,42.64,0.54,"Medio Gasto","Medio Gasto"
"C-0421",6,43,72.6,0.66,"Alto Gasto","Alto Gasto"
"C-0422",58,17,22.4,0.6,"Medio Gasto","Inactivo"
"C-0423",84,5,16.88,0.29,"Bajo Gasto","Alto Gasto"
"C-0424",160,1,0,0.11,"Inactivo","Inactivo"
"C-0425",30,12,11.52,0.26,"Bajo Gasto","Bajo Gasto"
"C-0426",139,2,0,0.26,"Inactivo","Inactivo"
"C-0427",59,26,38.13,0.62,"Medio Gasto","Medio Gasto"
"C-0428",13,29,94.82,0.5,"Alto Gasto","Medio Gasto"
"C-0429",82,7,8.14,0.28,"Bajo Gasto","Inactivo"
"C-0430",15,26,39.92,0.43,"Medio Gasto","Bajo Gasto"
"C-0431",13,30,31.06,0.54,"Medio Gasto","Medio Gasto"
"C-0432",41,10,43.54,0.13,"Medio Gasto","Alto Gasto"
"C-0433",161,2,0,0.29,"Inactivo","Inactivo"
"C-0434",31,22,34.66,0.91,"Medio Gasto","Medio Gasto"
"C-0435",16,26,94.88,0.48,"Alto Gasto","Bajo Gasto"
"C-0436",34,11,5.01,0.3,"Bajo Gasto","Bajo Gasto"
"C-0437",53,10,9.08,0.21,"Bajo Gasto","Bajo Gasto"
"C-0438",31,12,27.69,0.21,"Medio Gasto","Medio Gasto"
"C-0439",38,6,12.17,0.34,"Bajo Gasto","Medio Gasto"
"C-0440",16,17,38.06,0.52,"Medio Gasto","Alto Gasto"
"C-0441",34,22,45.18,0.49,"Medio Gasto","Bajo Gasto"
"C-0442",38,5,6.44,0.41,"Bajo Gasto","Bajo Gasto"
"C-0443",144,0,0,0.13,"Inactivo","Inactivo"
"C-0444",39,29,45.55,0.58,"Medio Gasto","Medio Gasto"
"C-0445",70,4,8.83,0.15,"Bajo Gasto","Inactivo"
"C-0446",23,12,18.14,0.42,"Bajo Gasto","Bajo Gasto"
"C-0447",80,7,16.43,0.11,"Bajo Gasto","Inactivo"
"C-0448",40,6,15.46,0.14,"Bajo Gasto","Inactivo"
"C-0449",24,28,28.88,0.53,"Medio Gasto","Alto Gasto"
"C-0450",35,9,15.31,0.16,"Bajo Gasto","Alto Gasto"
"C-0451",28,16,47.89,0.66,"Medio Gasto","Medio Gasto"
"C-0452",46,7,5.53,0.27,"Bajo Gasto","Medio Gasto"
"C-0453",17,16,26.71,0.5,"Medio Gasto","Medio Gasto"
"C-0454",15,27,26.19,0.65,"Medio Gasto","Medio Gasto"
"C-0455",108,1,0,0.23,"Inactivo","Bajo Gasto"
"C-0456",72,6,8.1,0.14,"Bajo Gasto","Bajo Gasto"
"C-0457",79,9,13.46,0.43,"Bajo Gasto","Bajo Gasto"
"C-0458",59,9,16.77,0.32,"Bajo Gasto","Bajo Gasto"
"C-0459",43,25,23.91,0.5,"Medio Gasto","Alto Gasto"
"C-0460",10,25,39.45,0.57,"Medio Gasto","Alto Gasto"
"C-0461",68,11,14.32,0.24,"Bajo Gasto","Inactivo"
"C-0462",29,16,34.89,0.79,"Medio Gasto","Medio Gasto"
"C-0463",42,22,34.27,0.73,"Medio Gasto","Medio Gasto"
"C-0464",9,36,57.27,0.51,"Alto Gasto","Medio Gasto"
"C-0465",4,31,101.15,0.4,"Alto Gasto","Alto Gasto"
"C-0466",52,29,29.73,0.6,"Medio Gasto","Medio Gasto"
"C-0467",33,29,34.83,0.5,"Medio Gasto","Medio Gasto"
"C-0468",46,10,20.07,0.12,"Medio Gasto","Medio Gasto"
"C-0469",7,24,73.3,0.83,"Alto Gasto","Alto Gasto"
"C-0470",110,0,0,0.29,"Inactivo","Inactivo"
"C-0471",89,8,7.99,0.19,"Bajo Gasto","Medio Gasto"
"C-0472",43,19,24.47,0.58,"Medio Gasto","Medio Gasto"
"C-0473",14,19,25.39,0.7,"Medio Gasto","Medio Gasto"
"C-0474",38,13,46.55,0.42,"Medio Gasto","Medio Gasto"
"C-0475",21,11,34.92,0.54,"Medio Gasto","Alto Gasto"
"C-0476",48,22,26.85,0.74,"Medio Gasto","Inactivo"
"C-0477",43,8,17.18,0.14,"Bajo Gasto","Bajo Gasto"
"C-0478",73,7,6.98,0.11,"Bajo Gasto","Inactivo"
"C-0479",1,55,62.08,0.51,"Alto Gasto","Alto Gasto"
"C-0480",60,5,14.78,0.24,"Bajo Gasto","Inactivo"
"C-0481",141,2,0,0.38,"Inactivo","Inactivo"
"C-0482",26,23,23.82,0.68,"Medio Gasto","Medio Gasto"
"C-0483",38,27,32.66,0.72,"Medio Gasto","Alto Gasto"
"C-0484",36,12,16.86,0.21,"Bajo Gasto","Inactivo"
"C-0485",29,15,43.46,0.45,"Medio Gasto","Bajo Gasto"
"C-0486",79,12,7.64,0.08,"Bajo Gasto","Medio Gasto"
"C-0487",95,0,0,0.24,"Inactivo","Inactivo"
"C-0488",51,24,42.7,0.47,"Medio Gasto","Medio Gasto"
"C-0489",6,41,76.86,0.54,"Alto Gasto","Alto Gasto"
"C-0490",12,28,45.54,0.51,"Medio Gasto","Medio Gasto"
"C-0491",64,11,7.4,0.32,"Bajo Gasto","Medio Gasto"
"C-0492",33,25,20.98,0.51,"Medio Gasto","Medio Gasto"
"C-0493",25,27,66.27,0.8,"Alto Gasto","Alto Gasto"
"C-0494",28,19,38.77,0.6,"Medio Gasto","Medio Gasto"
"C-0495",26,17,20.65,0.65,"Medio Gasto","Inactivo"
"C-0496",15,13,44.59,0.32,"Medio Gasto","Medio Gasto"
"C-0497",30,27,26.25,0.7,"Medio Gasto","Alto Gasto"
"C-0498",56,21,48.14,0.65,"Medio Gasto","Alto Gasto"
"C-0499",92,0,0,0.29,"Inactivo","Inactivo"
"C-0500",49,25,30.1,0.61,"Medio Gasto","Bajo Gasto"
"C-0501",38,30,48.34,0.59,"Medio Gasto","Medio Gasto"
"C-0502",49,12,23.49,0.19,"Medio Gasto","Medio Gasto"
"C-0503",53,11,30,0.13,"Medio Gasto","Medio Gasto"
"C-0504",19,25,102.84,0.5,"Alto Gasto","Alto Gasto"
"C-0505",27,4,17.82,0.2,"Bajo Gasto","Bajo Gasto"
"C-0506",6,55,69.27,0.72,"Alto Gasto","Alto Gasto"
"C-0507",42,28,39.35,0.62,"Medio Gasto","Alto Gasto"
"C-0508",27,58,62.41,0.45,"Alto Gasto","Bajo Gasto"
"C-0509",59,25,33.81,0.53,"Medio Gasto","Bajo Gasto"
"C-0510",51,25,31.77,0.66,"Medio Gasto","Medio Gasto"
"C-0511",48,2,8.58,0.01,"Bajo Gasto","Medio Gasto"
"C-0512",10,54,111.66,0.65,"Alto Gasto","Bajo Gasto"
"C-0513",28,13,22.06,0.06,"Medio Gasto","Alto Gasto"
"C-0514",51,18,37.74,0.7,"Medio Gasto","Medio Gasto"
"C-0515",25,19,42.01,0.65,"Medio Gasto","Medio Gasto"
"C-0516",19,7,16.24,0.32,"Bajo Gasto","Bajo Gasto"
"C-0517",26,52,118.12,0.48,"Alto Gasto","Inactivo"
"C-0518",44,3,7.39,0.28,"Bajo Gasto","Inactivo"
"C-0519",51,12,40.28,0.12,"Medio Gasto","Bajo Gasto"
"C-0520",56,15,31.65,0.38,"Medio Gasto","Inactivo"
"C-0521",14,35,97,0.44,"Alto Gasto","Alto Gasto"
"C-0522",27,30,40.49,0.73,"Medio Gasto","Medio Gasto"
"C-0523",39,3,16.19,0.2,"Bajo Gasto","Inactivo"
"C-0524",157,1,0,0.29,"Inactivo","Inactivo"
"C-0525",144,2,0,0.25,"Inactivo","Inactivo"
"C-0526",2,54,108.63,0.62,"Alto Gasto","Alto Gasto"
"C-0527",29,28,32.93,0.57,"Medio Gasto","Medio Gasto"
"C-0528",40,23,44.33,0.61,"Medio Gasto","Medio Gasto"
"C-0529",18,29,48.24,0.5,"Medio Gasto","Medio Gasto"
"C-0530",14,30,102.13,0.66,"Alto Gasto","Alto Gasto"
"C-0531",160,0,0,0.26,"Inactivo","Inactivo"
"C-0532",11,49,97.35,0.67,"Alto Gasto","Alto Gasto"
"C-0533",50,3,7.37,0.23,"Bajo Gasto","Bajo Gasto"
"C-0534",16,24,28.36,0.35,"Medio Gasto","Bajo Gasto"
"C-0535",36,13,32.19,0.11,"Medio Gasto","Alto Gasto"
"C-0536",27,40,111.17,0.65,"Alto Gasto","Alto Gasto"
"C-0537",33,20,25.5,0.65,"Medio Gasto","Medio Gasto"
"C-0538",4,48,56.08,0.65,"Alto Gasto","Alto Gasto"
"C-0539",38,12,28.86,0.27,"Medio Gasto","Medio Gasto"
"C-0540",81,7,15.25,0.23,"Bajo Gasto","Bajo Gasto"
"C-0541",31,6,10.9,0.22,"Bajo Gasto","Alto Gasto"
"C-0542",44,19,35.65,0.66,"Medio Gasto","Medio Gasto"
"C-0543",47,27,44.95,0.91,"Medio Gasto","Alto Gasto"
"C-0544",22,3,15.23,0.14,"Bajo Gasto","Medio Gasto"
"C-0545",28,12,34.35,0.35,"Medio Gasto","Medio Gasto"
"C-0546",36,25,27.35,0.5,"Medio Gasto","Medio Gasto"
"C-0547",15,19,47.99,0.54,"Medio Gasto","Medio Gasto"
"C-0548",174,2,0,0.15,"Inactivo","Bajo Gasto"
"C-0549",52,7,14.13,0.21,"Bajo Gasto","Bajo Gasto"
"C-0550",22,13,34.08,0.31,"Medio Gasto","Alto Gasto"
"C-0551",50,5,6.79,0.52,"Bajo Gasto","Inactivo"
"C-0552",91,0,0,0.42,"Inactivo","Inactivo"
"C-0553",10,29,35.7,0.51,"Medio Gasto","Alto Gasto"
"C-0554",26,27,41.13,0.63,"Medio Gasto","Alto Gasto"
"C-0555",17,3,5.04,0.36,"Bajo Gasto","Bajo Gasto"
"C-0556",30,17,36.95,0.39,"Medio Gasto","Bajo Gasto"
"C-0557",10,36,63.91,0.35,"Alto Gasto","Alto Gasto"
"C-0558",35,26,32.72,0.58,"Medio Gasto","Medio Gasto"
"C-0559",79,11,14.44,0.24,"Bajo Gasto","Inactivo"
"C-0560",36,21,23.6,0.71,"Medio Gasto","Bajo Gasto"
"C-0561",25,8,13.71,0.25,"Bajo Gasto","Bajo Gasto"
"C-0562",59,9,6.75,0.31,"Bajo Gasto","Inactivo"
"C-0563",56,12,8.2,0.16,"Bajo Gasto","Inactivo"
"C-0564",37,23,42.04,0.8,"Medio Gasto","Bajo Gasto"
"C-0565",58,13,47.18,0.22,"Medio Gasto","Medio Gasto"
"C-0566",8,25,61.17,0.65,"Alto Gasto","Alto Gasto"
"C-0567",24,56,90.24,0.67,"Alto Gasto","Alto Gasto"
"C-0568",27,33,74.61,0.5,"Alto Gasto","Medio Gasto"
"C-0569",87,6,11.62,0.16,"Bajo Gasto","Medio Gasto"
"C-0570",37,10,32.08,0.4,"Medio Gasto","Medio Gasto"
"C-0571",78,12,17.58,0.38,"Bajo Gasto","Medio Gasto"
"C-0572",105,0,0,0.19,"Inactivo","Inactivo"
"C-0573",45,23,22.36,0.63,"Medio Gasto","Medio Gasto"
"C-0574",108,1,0,0.23,"Inactivo","Inactivo"
"C-0575",17,55,60.8,0.71,"Alto Gasto","Alto Gasto"
"C-0576",25,59,101.44,0.78,"Alto Gasto","Medio Gasto"
"C-0577",16,47,102.58,0.68,"Alto Gasto","Alto Gasto"
"C-0578",39,13,31.46,0.41,"Medio Gasto","Medio Gasto"
"C-0579",15,18,47.06,0.77,"Medio Gasto","Alto Gasto"
"C-0580",24,19,46.45,0.7,"Medio Gasto","Alto Gasto"
"C-0581",20,35,69.19,0.69,"Alto Gasto","Alto Gasto"
"C-0582",16,47,105.71,0.59,"Alto Gasto","Alto Gasto"
"C-0583",28,55,72.4,0.56,"Alto Gasto","Alto Gasto"
"C-0584",157,1,0,0.27,"Inactivo","Inactivo"
"C-0585",66,6,11.63,0.35,"Bajo Gasto","Inactivo"
"C-0586",50,22,34.68,0.52,"Medio Gasto","Alto Gasto"
"C-0587",26,16,43.94,0.61,"Medio Gasto","Medio Gasto"
"C-0588",17,53,110.91,0.68,"Alto Gasto","Alto Gasto"
"C-0589",21,46,103.07,0.58,"Alto Gasto","Alto Gasto"
"C-0590",76,2,6.99,0.33,"Bajo Gasto","Inactivo"
"C-0591",27,36,99.89,0.51,"Alto Gasto","Alto Gasto"
"C-0592",24,11,37.12,0.01,"Medio Gasto","Medio Gasto"
"C-0593",11,11,49.84,0.47,"Medio Gasto","Bajo Gasto"
"C-0594",26,29,42.8,0.61,"Medio Gasto","Medio Gasto"
"C-0595",18,2,11.78,0.33,"Bajo Gasto","Inactivo"
"C-0596",59,27,43.81,0.54,"Medio Gasto","Bajo Gasto"
"C-0597",16,51,106.81,0.6,"Alto Gasto","Alto Gasto"
"C-0598",24,52,66,0.62,"Alto Gasto","Alto Gasto"
"C-0599",23,37,69.65,0.47,"Alto Gasto","Alto Gasto"
"C-0600",17,13,36.8,0.2,"Medio Gasto","Alto Gasto"
"C-0601",10,37,72.66,0.67,"Alto Gasto","Medio Gasto"
"C-0602",56,22,35.88,0.46,"Medio Gasto","Medio Gasto"
"C-0603",68,12,13.48,0.36,"Bajo Gasto","Bajo Gasto"
"C-0604",25,48,65.34,0.64,"Alto Gasto","Medio Gasto"
"C-0605",10,55,86.26,0.65,"Alto Gasto","Medio Gasto"
"C-0606",12,27,36.57,0.39,"Medio Gasto","Alto Gasto"
"C-0607",43,8,8.04,0.16,"Bajo Gasto","Alto Gasto"
"C-0608",26,44,105.25,0.57,"Alto Gasto","Alto Gasto"
"C-0609",68,5,11.38,0.07,"Bajo Gasto","Inactivo"
"C-0610",2,32,51.92,0.42,"Alto Gasto","Alto Gasto"
"C-0611",27,6,17.26,0.42,"Bajo Gasto","Medio Gasto"
"C-0612",12,49,118.19,0.73,"Alto Gasto","Alto Gasto"
"C-0613",41,15,31.46,0.23,"Medio Gasto","Bajo Gasto"
"C-0614",6,54,69.32,0.57,"Alto Gasto","Alto Gasto"
"C-0615",17,57,105.4,0.63,"Alto Gasto","Alto Gasto"
"C-0616",14,40,66.68,0.58,"Alto Gasto","Bajo Gasto"
"C-0617",56,8,8.24,0.37,"Bajo Gasto","Bajo Gasto"
"C-0618",22,55,77.3,0.65,"Alto Gasto","Alto Gasto"
"C-0619",31,28,30.42,0.73,"Medio Gasto","Medio Gasto"
"C-0620",76,7,10.7,0.19,"Bajo Gasto","Bajo Gasto"
"C-0621",24,12,31.37,0.15,"Medio Gasto","Medio Gasto"
"C-0622",33,14,33.62,0.43,"Medio Gasto","Alto Gasto"
"C-0623",28,29,82.24,0.58,"Alto Gasto","Medio Gasto"
"C-0624",77,2,19.71,0.19,"Bajo Gasto","Bajo Gasto"
"C-0625",61,3,17.66,0.35,"Bajo Gasto","Medio Gasto"
"C-0626",26,59,77.42,0.53,"Alto Gasto","Medio Gasto"
"C-0627",60,16,47.76,0.47,"Medio Gasto","Medio Gasto"
"C-0628",52,25,31.43,0.47,"Medio Gasto","Alto Gasto"
"C-0629",20,16,20.93,0.57,"Medio Gasto","Inactivo"
"C-0630",65,2,8.63,0.11,"Bajo Gasto","Bajo Gasto"
"C-0631",10,47,54.55,0.73,"Alto Gasto","Alto Gasto"
"C-0632",14,20,44,0.68,"Medio Gasto","Bajo Gasto"
"C-0633",52,10,7.59,0.28,"Bajo Gasto","Alto Gasto"
"C-0634",36,5,18.72,0.37,"Bajo Gasto","Medio Gasto"
"C-0635",22,3,11.95,0.15,"Bajo Gasto","Bajo Gasto"
"C-0636",26,12,8.58,0.01,"Bajo Gasto","Medio Gasto"
"C-0637",15,5,10.51,0.15,"Bajo Gasto","Medio Gasto"
"C-0638",16,6,16.9,0.41,"Bajo Gasto","Inactivo"
"C-0639",27,52,114.9,0.43,"Alto Gasto","Medio Gasto"
"C-0640",19,3,12.26,0.34,"Bajo Gasto","Medio Gasto"
"C-0641",6,46,94.05,0.56,"Alto Gasto","Alto Gasto"
"C-0642",29,10,40.79,0.42,"Medio Gasto","Medio Gasto"
"C-0643",39,15,21.84,0.34,"Medio Gasto","Bajo Gasto"
"C-0644",17,32,98.38,0.64,"Alto Gasto","Alto Gasto"
"C-0645",19,19,49.3,0.59,"Medio Gasto","Medio Gasto"
"C-0646",37,12,11.33,0.33,"Bajo Gasto","Inactivo"
"C-0647",19,41,82.9,0.52,"Alto Gasto","Alto Gasto"
"C-0648",21,54,99.77,0.63,"Alto Gasto","Alto Gasto"
"C-0649",22,35,63.19,0.59,"Alto Gasto","Bajo Gasto"
"C-0650",8,27,92.69,0.63,"Alto Gasto","Alto Gasto"
"C-0651",35,24,26.79,0.42,"Medio Gasto","Medio Gasto"
"C-0652",29,10,45.03,0.16,"Medio Gasto","Bajo Gasto"
"C-0653",25,33,117.91,0.35,"Alto Gasto","Alto Gasto"
"C-0654",25,27,59.33,0.64,"Alto Gasto","Alto Gasto"
"C-0655",66,10,6.79,0.3,"Bajo Gasto","Bajo Gasto"
"C-0656",15,49,119.16,0.53,"Alto Gasto","Alto Gasto"
"C-0657",53,22,24.28,0.66,"Medio Gasto","Medio Gasto"
"C-0658",60,27,34.24,0.55,"Medio Gasto","Bajo Gasto"
"C-0659",15,14,21.11,0.18,"Medio Gasto","Medio Gasto"
"C-0660",39,30,44.37,0.56,"Medio Gasto","Medio Gasto"
"C-0661",52,4,10.64,0.24,"Bajo Gasto","Bajo Gasto"
"C-0662",83,8,12.25,0.05,"Bajo Gasto","Medio Gasto"
"C-0663",9,59,97.41,0.65,"Alto Gasto","Medio Gasto"
"C-0664",49,15,45.55,0.29,"Medio Gasto","Alto Gasto"
"C-0665",12,40,90.07,0.59,"Alto Gasto","Medio Gasto"
"C-0666",29,42,103.38,0.82,"Alto Gasto","Alto Gasto"
"C-0667",53,15,32.82,0.59,"Medio Gasto","Bajo Gasto"
"C-0668",20,58,62.53,0.48,"Alto Gasto","Alto Gasto"
"C-0669",78,12,19.61,0.31,"Bajo Gasto","Medio Gasto"
"C-0670",18,25,99.71,0.51,"Alto Gasto","Medio Gasto"
"C-0671",35,29,42.48,0.64,"Medio Gasto","Medio Gasto"
"C-0672",66,11,14.48,0.38,"Bajo Gasto","Medio Gasto"
"C-0673",7,35,106.16,0.64,"Alto Gasto","Alto Gasto"
"C-0674",164,0,0,0.27,"Inactivo","Inactivo"
"C-0675",20,5,6.48,0.28,"Bajo Gasto","Bajo Gasto"
"C-0676",50,21,41.68,0.49,"Medio Gasto","Medio Gasto"
"C-0677",13,12,39.26,0.23,"Medio Gasto","Inactivo"
"C-0678",84,8,6.07,0.11,"Bajo Gasto","Inactivo"
"C-0679",60,12,29.23,0.26,"Medio Gasto","Medio Gasto"
"C-0680",35,10,20.83,0.44,"Medio Gasto","Medio Gasto"
"C-0681",7,30,67.16,0.89,"Alto Gasto","Alto Gasto"
"C-0682",13,25,23.33,0.77,"Medio Gasto","Bajo Gasto"
"C-0683",25,8,19.52,0.23,"Bajo Gasto","Inactivo"
"C-0684",97,2,0,0.27,"Inactivo","Inactivo"
"C-0685",24,13,48.32,0.19,"Medio Gasto","Medio Gasto"
"C-0686",14,21,21,0.69,"Medio Gasto","Medio Gasto"
"C-0687",59,21,41.53,0.71,"Medio Gasto","Alto Gasto"
"C-0688",10,17,22.42,0.67,"Medio Gasto","Bajo Gasto"
"C-0689",149,0,0,0.19,"Inactivo","Inactivo"
"C-0690",72,12,18.24,0.01,"Bajo Gasto","Bajo Gasto"
"C-0691",108,1,0,0.33,"Inactivo","Inactivo"
"C-0692",24,34,107.96,0.58,"Alto Gasto","Alto Gasto"
"C-0693",14,21,30.29,0.57,"Medio Gasto","Medio Gasto"
"C-0694",53,18,21.68,0.5,"Medio Gasto","Bajo Gasto"
"C-0695",12,13,49.22,0.24,"Medio Gasto","Medio Gasto"
"C-0696",82,10,16.83,0.43,"Bajo Gasto","Bajo Gasto"
"C-0697",47,17,40.59,0.62,"Medio Gasto","Medio Gasto"
"C-0698",11,49,104.74,0.54,"Alto Gasto","Medio Gasto"
"C-0699",45,6,16.21,0.14,"Bajo Gasto","Bajo Gasto"
"C-0700",4,34,83.7,0.44,"Alto Gasto","Medio Gasto"
"C-0701",34,10,26.09,0.28,"Medio Gasto","Medio Gasto"
"C-0702",56,5,8.48,0.21,"Bajo Gasto","Bajo Gasto"
"C-0703",67,7,8.48,0.47,"Bajo Gasto","Medio Gasto"
"C-0704",18,60,81.01,0.73,"Alto Gasto","Medio Gasto"
"C-0705",38,2,8.63,0.18,"Bajo Gasto","Bajo Gasto"
"C-0706",59,15,25.14,0.38,"Medio Gasto","Alto Gasto"
"C-0707",29,22,28.21,0.64,"Medio Gasto","Medio Gasto"
"C-0708",174,0,0,0.21,"Inactivo","Inactivo"
"C-0709",169,2,0,0.25,"Inactivo","Inactivo"
"C-0710",63,7,16.73,0.24,"Bajo Gasto","Inactivo"
"C-0711",56,13,40.31,0.18,"Medio Gasto","Medio Gasto"
"C-0712",50,19,48.15,0.6,"Medio Gasto","Medio Gasto"
"C-0713",26,46,86.17,0.67,"Alto Gasto","Alto Gasto"
"C-0714",18,24,26.8,0.56,"Medio Gasto","Medio Gasto"
"C-0715",42,10,39.84,0.31,"Medio Gasto","Bajo Gasto"
"C-0716",43,10,26.7,0.1,"Medio Gasto","Medio Gasto"
"C-0717",46,3,15.79,0.16,"Bajo Gasto","Inactivo"
"C-0718",87,7,5.98,0.49,"Bajo Gasto","Bajo Gasto"
"C-0719",60,11,37.08,0.38,"Medio Gasto","Medio Gasto"
"C-0720",176,1,0,0.15,"Inactivo","Inactivo"
"C-0721",8,53,80.87,0.6,"Alto Gasto","Alto Gasto"
"C-0722",53,12,28.96,0.23,"Medio Gasto","Medio Gasto"
"C-0723",55,18,46.2,0.75,"Medio Gasto","Medio Gasto"
"C-0724",53,21,24.51,0.74,"Medio Gasto","Medio Gasto"
"C-0725",12,14,44.02,0.23,"Medio Gasto","Medio Gasto"
"C-0726",108,1,0,0.49,"Inactivo","Inactivo"
"C-0727",21,25,80.97,0.7,"Alto Gasto","Alto Gasto"
"C-0728",49,26,31.87,0.79,"Medio Gasto","Bajo Gasto"
"C-0729",42,7,15.66,0.18,"Bajo Gasto","Medio Gasto"
"C-0730",79,12,15.47,0.27,"Bajo Gasto","Bajo Gasto"
"C-0731",11,28,20.5,0.75,"Medio Gasto","Medio Gasto"
"C-0732",4,31,88.14,0.62,"Alto Gasto","Inactivo"
"C-0733",31,17,41.26,0.53,"Medio Gasto","Medio Gasto"
"C-0734",49,15,44.54,0.55,"Medio Gasto","Medio Gasto"
"C-0735",58,13,46.26,0.13,"Medio Gasto","Medio Gasto"
"C-0736",64,5,5.21,0.39,"Bajo Gasto","Bajo Gasto"
"C-0737",20,8,10.47,0.08,"Bajo Gasto","Bajo Gasto"
"C-0738",34,3,9.19,0.2,"Bajo Gasto","Inactivo"
"C-0739",50,2,10.74,0.31,"Bajo Gasto","Bajo Gasto"
"C-0740",29,6,9.41,0.28,"Bajo Gasto","Bajo Gasto"
"C-0741",118,0,0,0.03,"Inactivo","Inactivo"
"C-0742",15,21,32.12,0.72,"Medio Gasto","Medio Gasto"
"C-0743",46,10,13.72,0.36,"Bajo Gasto","Inactivo"
"C-0744",68,10,11.6,0.24,"Bajo Gasto","Bajo Gasto"
"C-0745",27,11,46.34,0.1,"Medio Gasto","Medio Gasto"
"C-0746",28,49,118.36,0.54,"Alto Gasto","Medio Gasto"
"C-0747",31,14,26.23,0.24,"Medio Gasto","Medio Gasto"
"C-0748",13,22,34.84,0.66,"Medio Gasto","Alto Gasto"
"C-0749",74,4,15.71,0.27,"Bajo Gasto","Medio Gasto"
"C-0750",69,9,19.34,0.28,"Bajo Gasto","Inactivo"
"C-0751",28,11,41.37,0.37,"Medio Gasto","Alto Gasto"
"C-0752",39,17,46.04,0.66,"Medio Gasto","Bajo Gasto"
"C-0753",23,33,90.09,0.45,"Alto Gasto","Bajo Gasto"
"C-0754",64,9,15.41,0.26,"Bajo Gasto","Inactivo"
"C-0755",34,10,6.67,0.3,"Bajo Gasto","Bajo Gasto"
"C-0756",17,4,8.84,0.3,"Bajo Gasto","Alto Gasto"
"C-0757",28,54,50.49,0.55,"Alto Gasto","Bajo Gasto"
"C-0758",43,26,26.04,0.44,"Medio Gasto","Inactivo"
"C-0759",13,14,32.02,0.11,"Medio Gasto","Medio Gasto"
"C-0760",58,7,7.96,0.15,"Bajo Gasto","Bajo Gasto"
"C-0761",52,30,41.89,0.6,"Medio Gasto","Bajo Gasto"
"C-0762",69,8,9.82,0.09,"Bajo Gasto","Medio Gasto"
"C-0763",24,7,7.51,0.12,"Bajo Gasto","Bajo Gasto"
"C-0764",3,48,119.67,0.57,"Alto Gasto","Medio Gasto"
"C-0765",15,27,44.59,0.59,"Medio Gasto","Medio Gasto"
"C-0766",14,21,44.7,0.53,"Medio Gasto","Alto Gasto"
"C-0767",40,28,32.86,0.62,"Medio Gasto","Bajo Gasto"
"C-0768",179,2,0,0.1,"Inactivo","Inactivo"
"C-0769",7,53,79.12,0.65,"Alto Gasto","Bajo Gasto"
"C-0770",15,12,11.28,0.11,"Bajo Gasto","Inactivo"
"C-0771",170,0,0,0.04,"Inactivo","Inactivo"
"C-0772",81,5,19.25,0.24,"Bajo Gasto","Medio Gasto"
"C-0773",26,12,13.55,0.39,"Bajo Gasto","Alto Gasto"
"C-0774",52,7,8.02,0.21,"Bajo Gasto","Medio Gasto"
"C-0775",7,42,57.8,0.51,"Alto Gasto","Inactivo"
"C-0776",57,19,41.84,0.55,"Medio Gasto","Medio Gasto"
"C-0777",58,10,14.49,0.18,"Bajo Gasto","Medio Gasto"
"C-0778",168,2,0,0.33,"Inactivo","Inactivo"
"C-0779",17,11,42.38,0.32,"Medio Gasto","Medio Gasto"
"C-0780",128,2,0,0.34,"Inactivo","Bajo Gasto"
"C-0781",5,51,87.29,0.57,"Alto Gasto","Medio Gasto"
"C-0782",52,17,27.63,0.5,"Medio Gasto","Medio Gasto"
"C-0783",27,18,30.31,0.64,"Medio Gasto","Medio Gasto"
"C-0784",42,7,15,0.42,"Bajo Gasto","Inactivo"
"C-0785",21,18,33.79,0.47,"Medio Gasto","Inactivo"
"C-0786",6,50,64.6,0.53,"Alto Gasto","Alto Gasto"
"C-0787",98,0,0,0.21,"Inactivo","Inactivo"
"C-0788",29,18,45.31,0.56,"Medio Gasto","Medio Gasto"
"C-0789",168,1,0,0.27,"Inactivo","Bajo Gasto"
"C-0790",23,19,42.56,0.83,"Medio Gasto","Medio Gasto"
"C-0791",15,56,113.94,0.72,"Alto Gasto","Alto Gasto"
"C-0792",58,7,14.89,0.45,"Bajo Gasto","Inactivo"
"C-0793",10,58,113.49,0.72,"Alto Gasto","Alto Gasto"
"C-0794",84,7,16.72,0.2,"Bajo Gasto","Bajo Gasto"
"C-0795",12,18,33.71,0.4,"Medio Gasto","Medio Gasto"
"C-0796",42,18,31.36,0.53,"Medio Gasto","Medio Gasto"
"C-0797",2,32,97.09,0.44,"Alto Gasto","Inactivo"
"C-0798",33,24,33.84,0.63,"Medio Gasto","Medio Gasto"
"C-0799",56,18,42.52,0.65,"Medio Gasto","Medio Gasto"
"C-0800",48,19,24.31,0.71,"Medio Gasto","Medio Gasto"
"C-0801",32,11,27.77,0.2,"Medio Gasto","Medio Gasto"
"C-0802",13,21,38.65,0.55,"Medio Gasto","Medio Gasto"
"C-0803",111,1,0,0.37,"Inactivo","Inactivo"
"C-0804",26,22,40.78,0.63,"Medio Gasto","Medio Gasto"
"C-0805",57,30,35.75,0.56,"Medio Gasto","Medio Gasto"
"C-0806",52,3,11.98,0.23,"Bajo Gasto","Bajo Gasto"
"C-0807",4,49,86.2,0.54,"Alto Gasto","Alto Gasto"
"C-0808",83,4,6.1,0.1,"Bajo Gasto","Bajo Gasto"
"C-0809",20,13,49.86,0.03,"Medio Gasto","Medio Gasto"
"C-0810",79,5,15.3,0.27,"Bajo Gasto","Inactivo"
"C-0811",47,10,23.82,0.3,"Medio Gasto","Alto Gasto"
"C-0812",66,3,15.24,0.11,"Bajo Gasto","Medio Gasto"
"C-0813",26,60,59.28,0.8,"Alto Gasto","Alto Gasto"
"C-0814",76,9,5.67,0.24,"Bajo Gasto","Medio Gasto"
"C-0815",17,18,38.18,0.56,"Medio Gasto","Medio Gasto"
"C-0816",164,0,0,0.24,"Inactivo","Inactivo"
"C-0817",22,42,96.22,0.42,"Alto Gasto","Alto Gasto"
"C-0818",25,50,87.74,0.84,"Alto Gasto","Alto Gasto"
"C-0819",90,9,16.23,0.15,"Bajo Gasto","Bajo Gasto"
"C-0820",27,9,7.2,0.21,"Bajo Gasto","Alto Gasto"
"C-0821",26,6,18.44,0.51,"Bajo Gasto","Bajo Gasto"
"C-0822",139,0,0,0.27,"Inactivo","Inactivo"
"C-0823",17,10,28.37,0.16,"Medio Gasto","Bajo Gasto"
"C-0824",123,1,0,0.18,"Inactivo","Inactivo"
"C-0825",20,27,113.78,0.86,"Alto Gasto","Bajo Gasto"
"C-0826",16,27,29.38,0.62,"Medio Gasto","Medio Gasto"
"C-0827",29,23,33.51,0.77,"Medio Gasto","Medio Gasto"
"C-0828",11,29,23.28,0.42,"Medio Gasto","Bajo Gasto"
"C-0829",26,12,37.43,0.07,"Medio Gasto","Medio Gasto"
"C-0830",17,26,41.47,0.73,"Medio Gasto","Medio Gasto"
"C-0831",168,0,0,0.12,"Inactivo","Inactivo"
"C-0832",52,12,46.93,0.46,"Medio Gasto","Bajo Gasto"
"C-0833",20,23,45.24,0.33,"Medio Gasto","Medio Gasto"
"C-0834",167,2,0,0.33,"Inactivo","Inactivo"
"C-0835",70,3,17.81,0.27,"Bajo Gasto","Bajo Gasto"
"C-0836",67,10,9.33,0.18,"Bajo Gasto","Bajo Gasto"
"C-0837",53,27,26.39,0.62,"Medio Gasto","Medio Gasto"
"C-0838",93,1,0,0.39,"Inactivo","Inactivo"
"C-0839",56,7,6.55,0.35,"Bajo Gasto","Bajo Gasto"
"C-0840",1,55,62.28,0.64,"Alto Gasto","Alto Gasto"
"C-0841",14,44,77.44,0.75,"Alto Gasto","Medio Gasto"
"C-0842",59,5,18.86,0.56,"Bajo Gasto","Bajo Gasto"
"C-0843",20,10,38.45,0.32,"Medio Gasto","Bajo Gasto"
"C-0844",77,3,11.58,0.29,"Bajo Gasto","Medio Gasto"
"C-0845",14,47,102.89,0.64,"Alto Gasto","Alto Gasto"
"C-0846",23,58,104.37,0.56,"Alto Gasto","Alto Gasto"
"C-0847",17,49,109.16,0.42,"Alto Gasto","Alto Gasto"
"C-0848",20,23,45.13,0.61,"Medio Gasto","Bajo Gasto"
"C-0849",57,19,48.26,0.56,"Medio Gasto","Bajo Gasto"
"C-0850",23,37,97.47,0.72,"Alto Gasto","Alto Gasto"
"C-0851",29,32,104.47,0.79,"Alto Gasto","Alto Gasto"
"C-0852",16,8,15.07,0.26,"Bajo Gasto","Bajo Gasto"
"C-0853",27,36,91.13,0.67,"Alto Gasto","Inactivo"
"C-0854",65,7,5.2,0.21,"Bajo Gasto","Bajo Gasto"
"C-0855",26,12,7.21,0.38,"Bajo Gasto","Bajo Gasto"
"C-0856",23,58,100.77,0.61,"Alto Gasto","Alto Gasto"
"C-0857",119,1,0,0.1,"Inactivo","Bajo Gasto"
"C-0858",10,29,22.1,0.63,"Medio Gasto","Bajo Gasto"
"C-0859",15,26,47.8,0.75,"Medio Gasto","Alto Gasto"
"C-0860",47,21,46.06,0.29,"Medio Gasto","Medio Gasto"
"C-0861",20,46,52.13,0.7,"Alto Gasto","Alto Gasto"
"C-0862",78,12,15.74,0.36,"Bajo Gasto","Bajo Gasto"
"C-0863",24,16,34.27,0.4,"Medio Gasto","Inactivo"
"C-0864",17,54,93.05,0.5,"Alto Gasto","Bajo Gasto"
"C-0865",43,6,12.94,0.01,"Bajo Gasto","Bajo Gasto"
"C-0866",19,24,115.49,0.46,"Alto Gasto","Alto Gasto"
"C-0867",13,18,45.19,0.69,"Medio Gasto","Medio Gasto"
"C-0868",72,12,7.22,0.36,"Bajo Gasto","Inactivo"
"C-0869",32,20,29.56,0.65,"Medio Gasto","Medio Gasto"
"C-0870",45,6,11.71,0.15,"Bajo Gasto","Medio Gasto"
"C-0871",68,12,14.36,0.25,"Bajo Gasto","Inactivo"
"C-0872",48,27,20.2,0.61,"Medio Gasto","Medio Gasto"
"C-0873",145,2,0,0.15,"Inactivo","Alto Gasto"
"C-0874",155,0,0,0.18,"Inactivo","Inactivo"
"C-0875",104,2,0,0.35,"Inactivo","Bajo Gasto"
"C-0876",9,47,67.86,0.8,"Alto Gasto","Inactivo"
"C-0877",115,2,0,0.3,"Inactivo","Inactivo"
"C-0878",84,10,6.22,0.42,"Bajo Gasto","Bajo Gasto"
"C-0879",8,43,96.05,0.73,"Alto Gasto","Alto Gasto"
"C-0880",27,21,47.18,0.62,"Medio Gasto","Alto Gasto"
"C-0881",13,11,28.16,0.27,"Medio Gasto","Medio Gasto"
"C-0882",44,30,31.61,0.61,"Medio Gasto","Medio Gasto"
"C-0883",18,8,12.7,0.17,"Bajo Gasto","Bajo Gasto"
"C-0884",23,29,69.35,0.72,"Alto Gasto","Alto Gasto"
"C-0885",1,35,94.38,0.82,"Alto Gasto","Alto Gasto"
"C-0886",19,23,45.89,0.62,"Medio Gasto","Inactivo"
"C-0887",68,12,5.76,0.37,"Bajo Gasto","Bajo Gasto"
"C-0888",38,25,24.33,0.66,"Medio Gasto","Inactivo"
"C-0889",17,50,105.94,0.6,"Alto Gasto","Alto Gasto"
"C-0890",50,25,28.39,0.69,"Medio Gasto","Alto Gasto"
"C-0891",19,19,49.63,0.71,"Medio Gasto","Bajo Gasto"
"C-0892",21,19,23.84,0.57,"Medio Gasto","Inactivo"
"C-0893",23,4,7.51,0.25,"Bajo Gasto","Inactivo"
"C-0894",29,33,68.07,0.41,"Alto Gasto","Alto Gasto"
"C-0895",17,45,62.38,0.52,"Alto Gasto","Alto Gasto"
"C-0896",33,23,36.6,0.61,"Medio Gasto","Bajo Gasto"
"C-0897",25,45,111.26,0.44,"Alto Gasto","Alto Gasto"
"C-0898",56,29,39.4,0.56,"Medio Gasto","Bajo Gasto"
"C-0899",59,9,16.85,0.29,"Bajo Gasto","Bajo Gasto"
"C-0900",47,19,26.11,0.55,"Medio Gasto","Bajo Gasto"
"C-0901",50,2,17.69,0.23,"Bajo Gasto","Bajo Gasto"
"C-0902",11,58,84.16,0.84,"Alto Gasto","Inactivo"
"C-0903",32,20,23.73,0.55,"Medio Gasto","Medio Gasto"
"C-0904",48,19,40.38,0.51,"Medio Gasto","Alto Gasto"
"C-0905",30,36,79.88,0.6,"Alto Gasto","Alto Gasto"
"C-0906",44,26,39.65,0.69,"Medio Gasto","Medio Gasto"
"C-0907",59,10,23.15,0.05,"Medio Gasto","Bajo Gasto"
"C-0908",15,27,53.56,0.56,"Alto Gasto","Alto Gasto"
"C-0909",14,10,28.89,0.17,"Medio Gasto","Medio Gasto"
"C-0910",177,2,0,0.25,"Inactivo","Inactivo"
"C-0911",23,13,24.56,0.34,"Medio Gasto","Medio Gasto"
"C-0912",8,43,65.01,0.45,"Alto Gasto","Alto Gasto"
"C-0913",44,4,19.33,0.33,"Bajo Gasto","Medio Gasto"
"C-0914",36,10,41.03,0.32,"Medio Gasto","Medio Gasto"
"C-0915",6,48,114.79,0.72,"Alto Gasto","Bajo Gasto"
"C-0916",17,23,33.4,0.71,"Medio Gasto","Medio Gasto"
"C-0917",22,22,49.58,0.51,"Medio Gasto","Alto Gasto"
"C-0918",119,2,0,0.19,"Inactivo","Inactivo"
"C-0919",28,54,75.22,0.45,"Alto Gasto","Alto Gasto"
"C-0920",121,2,0,0.28,"Inactivo","Inactivo"
"C-0921",12,27,22.49,0.45,"Medio Gasto","Medio Gasto"
"C-0922",35,14,32.41,0.37,"Medio Gasto","Medio Gasto"
"C-0923",38,17,40.19,0.49,"Medio Gasto","Alto Gasto"
"C-0924",21,18,48.21,0.71,"Medio Gasto","Inactivo"
"C-0925",23,52,66.6,0.82,"Alto Gasto","Bajo Gasto"
"C-0926",71,3,5.21,0.19,"Bajo Gasto","Bajo Gasto"
"C-0927",48,17,40.09,0.69,"Medio Gasto","Medio Gasto"
"C-0928",47,23,23.86,0.56,"Medio Gasto","Medio Gasto"
"C-0929",24,9,5.51,0.3,"Bajo Gasto","Bajo Gasto"
"C-0930",19,51,95.07,0.44,"Alto Gasto","Inactivo"
"C-0931",24,21,27.62,0.59,"Medio Gasto","Medio Gasto"
"C-0932",51,6,12.61,0.21,"Bajo Gasto","Bajo Gasto"
"C-0933",103,2,0,0.4,"Inactivo","Inactivo"
"C-0934",19,30,20.27,0.49,"Medio Gasto","Medio Gasto"
"C-0935",21,25,40.34,0.63,"Medio Gasto","Alto Gasto"
"C-0936",18,37,91.71,0.66,"Alto Gasto","Medio Gasto"
"C-0937",14,53,68.52,0.6,"Alto Gasto","Medio Gasto"
"C-0938",51,26,39.63,0.59,"Medio Gasto","Alto Gasto"
"C-0939",51,28,38.11,0.58,"Medio Gasto","Medio Gasto"
"C-0940",69,9,5.27,0.36,"Bajo Gasto","Bajo Gasto"
"C-0941",20,30,35.95,0.56,"Medio Gasto","Medio Gasto"
"C-0942",16,4,13.95,0.19,"Bajo Gasto","Bajo Gasto"
"C-0943",51,5,10.16,0.09,"Bajo Gasto","Bajo Gasto"
"C-0944",19,23,41.19,0.46,"Medio Gasto","Medio Gasto"
"C-0945",46,4,16.37,0.39,"Bajo Gasto","Bajo Gasto"
"C-0946",73,11,6.34,0.23,"Bajo Gasto","Bajo Gasto"
"C-0947",18,46,112.29,0.61,"Alto Gasto","Medio Gasto"
"C-0948",89,11,17.51,0.51,"Bajo Gasto","Medio Gasto"
"C-0949",13,30,29.02,0.53,"Medio Gasto","Bajo Gasto"
"C-0950",30,13,31.31,0.24,"Medio Gasto","Alto Gasto"
"C-0951",59,2,7.87,0.48,"Bajo Gasto","Inactivo"
"C-0952",59,28,30.47,0.74,"Medio Gasto","Medio Gasto"
"C-0953",30,15,44.06,0.23,"Medio Gasto","Alto Gasto"
"C-0954",23,47,61.54,0.76,"Alto Gasto","Alto Gasto"
"C-0955",29,5,18.46,0.15,"Bajo Gasto","Medio Gasto"
"C-0956",22,11,45.98,0.19,"Medio Gasto","Alto Gasto"
"C-0957",17,7,13.71,0.51,"Bajo Gasto","Medio Gasto"
"C-0958",174,1,0,0.29,"Inactivo","Inactivo"
"C-0959",17,29,26.61,0.35,"Medio Gasto","Medio Gasto"
"C-0960",58,30,43.07,0.75,"Medio Gasto","Medio Gasto"
"C-0961",20,53,102.29,0.59,"Alto Gasto","Alto Gasto"
"C-0962",26,27,100.59,0.66,"Alto Gasto","Medio Gasto"
"C-0963",35,21,31.11,0.69,"Medio Gasto","Alto Gasto"
"C-0964",50,20,24.89,0.54,"Medio Gasto","Medio Gasto"
"C-0965",27,11,48.3,0.32,"Medio Gasto","Bajo Gasto"
"C-0966",43,5,17.78,0.24,"Bajo Gasto","Medio Gasto"
"C-0967",34,23,21.24,0.69,"Medio Gasto","Alto Gasto"
"C-0968",25,43,65.11,0.62,"Alto Gasto","Alto Gasto"
"C-0969",17,2,6.09,0.43,"Bajo Gasto","Medio Gasto"
"C-0970",5,50,103.7,0.62,"Alto Gasto","Alto Gasto"
"C-0971",6,43,54.83,0.67,"Alto Gasto","Alto Gasto"
"C-0972",26,60,112.56,0.55,"Alto Gasto","Alto Gasto"
"C-0973",25,18,21.63,0.67,"Medio Gasto","Medio Gasto"
"C-0974",20,22,27.35,0.81,"Medio Gasto","Medio Gasto"
"C-0975",27,25,22.55,0.57,"Medio Gasto","Medio Gasto"
"C-0976",35,24,21.21,0.44,"Medio Gasto","Medio Gasto"
"C-0977",75,10,16.53,0.22,"Bajo Gasto","Inactivo"
"C-0978",15,8,8.29,0.12,"Bajo Gasto","Bajo Gasto"
"C-0979",21,26,26.92,0.49,"Medio Gasto","Medio Gasto"
"C-0980",17,17,35.24,0.6,"Medio Gasto","Bajo Gasto"
"C-0981",28,16,43.22,0.68,"Medio Gasto","Alto Gasto"
"C-0982",39,4,13.6,0.17,"Bajo Gasto","Inactivo"
"C-0983",35,11,48.46,0.36,"Medio Gasto","Inactivo"
"C-0984",39,7,14.96,0.43,"Bajo Gasto","Inactivo"
"C-0985",13,44,79.06,0.42,"Alto Gasto","Alto Gasto"
"C-0986",45,12,29.08,0.29,"Medio Gasto","Medio Gasto"
"C-0987",172,0,0,0.36,"Inactivo","Inactivo"
"C-0988",14,50,99.74,0.59,"Alto Gasto","Medio Gasto"
"C-0989",82,12,10.46,0.23,"Bajo Gasto","Medio Gasto"
"C-0990",6,43,104.87,0.46,"Alto Gasto","Inactivo"
"C-0991",12,42,104.33,0.6,"Alto Gasto","Alto Gasto"
"C-0992",16,49,98.02,0.52,"Alto Gasto","Alto Gasto"
"C-0993",35,15,46.2,0.15,"Medio Gasto","Bajo Gasto"
"C-0994",17,26,22.77,0.65,"Medio Gasto","Inactivo"
"C-0995",9,24,80.6,0.55,"Alto Gasto","Alto Gasto"
"C-0996",13,42,53.66,0.49,"Alto Gasto","Bajo Gasto"
"C-0997",38,19,31.49,0.62,"Medio Gasto","Bajo Gasto"
"C-0998",24,3,12.78,0.18,"Bajo Gasto","Medio Gasto"
"C-0999",54,20,45.01,0.48,"Medio Gasto","Medio Gasto"
"C-1000",15,31,66.22,0.59,"Alto Gasto","Medio Gasto"
